,Title,Release time,Age rating,Runtime,Genre,Lanuage,Awards,Metascore,IMDb Rating,IMDb Votes,Domestic Revenue
0,The Mission,08 Dec 2023,PG-13,103 min,Documentary,English,11 nominations,N/A,6.4,"1,075","$58,377"
1,The Peasants,13 Oct 2023,R,114 min,"Animation, Drama, History","Polish, Latin",10 wins & 19 nominations,N/A,7.6,"6,678","$155,188"
2,The Burial,13 Oct 2023,R,126 min,Drama,English,2 wins & 4 nominations,N/A,7.1,"37,620",N/A
3,Saw X,29 Sep 2023,R,118 min,"Horror, Mystery, Thriller","English, Spanish",15 nominations,N/A,6.6,"84,301","$53,607,898"
4,Last Call for Istanbul,24 Nov 2023,TV-MA,91 min,"Drama, Romance",Turkish,1 win,N/A,5.3,"9,358",N/A
5,Coup de Chance,05 Apr 2024,PG-13,93 min,"Comedy, Crime, Drama",French,N/A,N/A,6.4,"8,274",N/A
6,Shooting Stars,02 Jun 2023,PG-13,116 min,"Biography, Drama, History",English,2 wins & 3 nominations,62,6.5,"2,973",N/A
7,Wingwomen,01 Nov 2023,TV-MA,116 min,"Action, Comedy, Crime",French,N/A,N/A,5.7,"7,003",N/A
8,Love in the Maldives,01 Apr 2023,TV-G,84 min,Romance,English,N/A,N/A,6.1,949,N/A
9,One Day as a Lion,07 Apr 2023,R,87 min,"Action, Comedy, Thriller",English,N/A,N/A,5.2,"2,088","$42,338"
10,Freelance,27 Oct 2023,R,108 min,"Action, Comedy","English, Spanish, French",N/A,N/A,5.5,"22,733","$5,314,136"
11,Marlowe,15 Feb 2023,R,109 min,"Crime, Mystery, Thriller",English,2 nominations,41,5.4,"12,839","$4,350,243"
12,The Taste of Things,09 Feb 2024,PG-13,135 min,"Drama, History, Romance",French,8 wins & 27 nominations,80,7.4,"14,139","$2,654,510"
13,Child Machine,12 May 2023,N/A,96 min,Sci-Fi,English,3 wins & 1 nomination,N/A,4.8,142,N/A
14,Finestkind,15 Dec 2023,R,126 min,"Crime, Drama, Thriller",English,2 nominations,N/A,6.1,"9,617",N/A
15,Dungeons & Dragons: Honor Among Thieves,31 Mar 2023,PG-13,134 min,"Action, Adventure, Comedy",English,4 wins & 19 nominations,72,7.2,"241,657","$93,277,026"
16,The Nun II,08 Sep 2023,R,110 min,"Horror, Mystery, Thriller","English, French, Italian, Romanian",1 win & 12 nominations,N/A,5.6,"64,990","$86,267,073"
17,My Big Fat Greek Wedding 3,08 Sep 2023,PG-13,92 min,"Comedy, Drama, Romance","English, Greek",1 win & 2 nominations,N/A,5.2,"10,783","$28,496,030"
18,Carl's Date,21 Jun 2023,G,8 min,"Animation, Short, Comedy",English,N/A,N/A,6.4,"3,486",N/A
19,You Are So Not Invited to My Bat Mitzvah,25 Aug 2023,PG-13,103 min,Comedy,"English, Hebrew",2 wins & 2 nominations,N/A,6.0,"25,052",N/A
20,The Last Rifleman,05 Nov 2023,PG-13,95 min,Drama,English,2 nominations,N/A,6.5,"2,052",N/A
21,Wonka,15 Dec 2023,PG,116 min,"Adventure, Comedy, Family",English,Nominated for 1 BAFTA Award3 wins & 39 nominations total,N/A,7.0,"160,886","$218,402,312"
22,Copenhagen Cowboy: Nightcall with Nicolas Winding Refn,31 Jan 2023,TV-MA,27 min,"Documentary, Short","English, Danish",N/A,N/A,N/A,121,N/A
23,John Wick: Chapter 4,24 Mar 2023,R,169 min,"Action, Crime, Thriller","English, Japanese, Russian, French, Spanish, German, Latin, Cantonese, Arabic",37 wins & 46 nominations,78,7.7,"355,448","$187,131,806"
24,The Coney,N/A,N/A,N/A,Crime,English,N/A,N/A,N/A,7,N/A
25,The Lost Chronicles,N/A,N/A,N/A,Horror,N/A,N/A,N/A,N/A,14,N/A
26,Down Bad: Life in the Hood,03 Jan 2023,N/A,149 min,Drama,English,N/A,N/A,N/A,268,N/A
27,Alan and the Rulers of the Air,22 Oct 2023,PG-13,120 min,"Drama, Thriller",English,N/A,N/A,8.9,13,N/A
28,A Tribute to Bob Barker,31 Aug 2023,N/A,60 min,"Family, Game-Show",English,N/A,N/A,N/A,11,N/A
29,Sunday*,30 Mar 2023,N/A,102 min,Thriller,English,N/A,N/A,N/A,N/A,N/A
30,Christmas on Windmill Way,23 Nov 2023,N/A,85 min,N/A,English,N/A,N/A,5.9,468,N/A
31,The Pumpkin Man,05 Sep 2023,N/A,91 min,Horror,English,7 wins & 6 nominations,N/A,3.9,203,N/A
32,The Plot to Kill My Mother,22 Jan 2023,TV-14,87 min,Thriller,English,N/A,N/A,5.0,199,N/A
33,A Look in the Rear View,06 Oct 2023,R,126 min,Comedy,English,N/A,N/A,7.4,11,N/A
34,Bad Connection,25 Jan 2024,N/A,85 min,Horror,English,N/A,N/A,4.5,60,N/A
35,Guiding Emily,08 Sep 2023,TV-G,84 min,"Comedy, Drama, Romance",English,N/A,N/A,7.8,955,N/A
36,Smart Home Killer,21 Dec 2023,TV-PG,88 min,Thriller,English,N/A,N/A,4.7,223,N/A
37,Freestyle 101: Hip Hop History,24 Oct 2023,N/A,102 min,Documentary,English,N/A,N/A,6.4,21,N/A
38,"Where Are You, Christmas?",21 Oct 2023,TV-G,84 min,"Comedy, Drama, Fantasy",English,N/A,N/A,6.4,"1,045",N/A
39,I'm with Me,20 Oct 2023,N/A,N/A,"Comedy, Romance",English,N/A,N/A,N/A,25,N/A
40,A Nurse to Die For,14 Apr 2023,TV-PG,N/A,Thriller,English,N/A,N/A,5.0,202,N/A
41,Mainstream Sellout Live from Cleveland: The Pink Era,13 May 2023,N/A,130 min,Documentary,English,N/A,N/A,N/A,48,N/A
42,TIME100: The World's Most Influential People,12 May 2024,N/A,N/A,N/A,N/A,N/A,N/A,N/A,8,N/A
43,A World Record Christmas,16 Nov 2023,TV-G,84 min,"Comedy, Drama, Romance",English,1 win,N/A,7.0,785,N/A
44,A Pinch of Portugal,22 Apr 2023,TV-G,84 min,Romance,"English, Portuguese",N/A,N/A,6.2,"1,011",N/A
45,The Fukushima Disaster,07 Mar 2023,N/A,52 min,Documentary,English,N/A,N/A,9.4,10,N/A
46,Rajamagal,17 Mar 2023,N/A,116 min,N/A,Tamil,N/A,N/A,N/A,97,N/A
47,When Love Springs,06 May 2023,TV-G,84 min,"Comedy, Romance",English,N/A,N/A,6.3,808,N/A
48,Jack Squad 2: The Next Generation,27 Feb 2023,N/A,118 min,Thriller,English,N/A,N/A,5.2,69,N/A
49,Taylor Mac's 24-Decade History of Popular Music,27 Jun 2023,N/A,106 min,"Documentary, Music",English,Won 1 Primetime Emmy. 1 win & 1 nomination total,73,N/A,146,N/A
50,Romeo + Isabella,01 Jun 2023,N/A,N/A,"Crime, Drama, Romance",English,N/A,N/A,5.6,47,N/A
51,Sons of Summer,28 Jul 2023,R,88 min,"Action, Crime, Mystery",English,N/A,N/A,3.6,"2,511",N/A
52,K-LOVE Live at Red Rocks,06 Nov 2023,N/A,85 min,Music,English,N/A,N/A,N/A,N/A,N/A
53,Diablada,14 Mar 2021,N/A,90 min,"Drama, Thriller",Spanish,1 nomination,N/A,5.8,91,N/A
54,Jawanum Mullappoovum,31 Mar 2023,N/A,135 min,Drama,Malayalam,N/A,N/A,6.3,498,N/A
55,TikTok in the Mix,10 Dec 2023,N/A,N/A,Music,English,N/A,N/A,N/A,N/A,N/A
56,Oprah and the Color Purple Journey,28 Nov 2023,N/A,54 min,Documentary,English,1 win & 1 nomination,N/A,N/A,32,N/A
57,Ug Wug,10 Feb 2023,N/A,N/A,Fantasy,N/A,N/A,N/A,N/A,9,N/A
58,Stoned Cold Country,13 Dec 2023,N/A,N/A,Documentary,English,N/A,N/A,N/A,N/A,N/A
59,You're OUT!,31 Jul 2023,N/A,N/A,Comedy,English,N/A,N/A,7.4,81,N/A
60,Amore mio,01 Feb 2023,N/A,85 min,Drama,French,1 win & 2 nominations,N/A,N/A,86,N/A
61,Blackout Christmas,04 Dec 2023,N/A,N/A,Documentary,English,N/A,N/A,N/A,N/A,N/A
62,Flying High Again,15 Oct 2023,N/A,N/A,N/A,English,N/A,N/A,N/A,N/A,N/A
63,Ravrambha,26 May 2023,N/A,132 min,"Action, Drama, History",Marathi,N/A,N/A,6.6,146,N/A
64,The Vigilante,08 Sep 2023,R,101 min,Thriller,N/A,N/A,N/A,4.7,612,N/A
65,Weekdays & Weekends,N/A,N/A,78 min,Drama,Hindi,N/A,N/A,N/A,N/A,N/A
66,The Adventures of Jurassic Pet: The Lost Secret,01 Jun 2023,PG,84 min,"Adventure, Family",English,N/A,N/A,4.2,229,N/A
67,That Afternoon,18 May 2023,N/A,75 min,Drama,Dutch,1 nomination,N/A,N/A,93,N/A
68,Shark Below Zero,02 Jul 2023,N/A,44 min,Documentary,N/A,N/A,N/A,N/A,44,N/A
69,Queen of Many Colours,N/A,N/A,62 min,Documentary,English,N/A,N/A,N/A,N/A,N/A
70,The Author,07 Nov 2023,PG,117 min,"Drama, Mystery, Romance",English,N/A,N/A,N/A,N/A,N/A
71,The Holiday Dating Guide,17 Dec 2022,TV-PG,90 min,"Comedy, Drama, Romance",English,N/A,N/A,6.2,476,N/A
72,The Whaler,30 Aug 2023,N/A,N/A,Documentary,English,N/A,N/A,N/A,N/A,N/A
73,Yuletide the Knot,13 Nov 2023,N/A,102 min,Romance,English,N/A,N/A,5.2,243,N/A
74,A Royal Date for Christmas,25 Nov 2023,N/A,90 min,N/A,English,N/A,N/A,6.3,471,N/A
75,Daughter of the Bride,03 Feb 2023,N/A,102 min,Comedy,English,N/A,N/A,5.5,630,N/A
76,Khun Pan 3,01 Mar 2023,N/A,156 min,"Action, Fantasy",Thai,N/A,N/A,N/A,253,N/A
77,Blue Lightning,01 Jan 2023,N/A,N/A,"Family, Sport",English,N/A,N/A,8.0,11,N/A
78,Esther and the Law,26 Mar 2023,N/A,72 min,Documentary,"Yoruba, Dutch, English",1 nomination,N/A,N/A,N/A,N/A
79,What If,07 Sep 2023,N/A,112 min,"Drama, Romance","Tagalog, Filipino",3 nominations,N/A,N/A,158,N/A
80,The Flood,14 Jul 2023,R,93 min,"Action, Horror, Thriller",English,N/A,N/A,3.2,"2,097",N/A
81,Samurai Priest Vampire Hunter,01 Nov 2009,R,97 min,"Action, Horror, Western",English,N/A,N/A,4.0,357,N/A
82,Chal Zindagi,26 May 2023,N/A,N/A,"Adventure, Drama",Hindi,N/A,N/A,N/A,N/A,N/A
83,Quasi,20 Apr 2023,R,99 min,"Comedy, Drama",English,N/A,51,5.3,"3,173",N/A
84,Assassin,31 Mar 2023,R,88 min,"Action, Crime, Thriller","English, Persian",N/A,N/A,3.2,"1,559",N/A
85,The Strays,22 Feb 2023,TV-MA,100 min,"Drama, Mystery, Thriller",English,1 win,58,4.9,"12,451",N/A
86,Somebody I Used to Know,10 Feb 2023,R,106 min,"Comedy, Romance",English,1 win,57,5.7,"8,754",N/A
87,Bama Rush,23 May 2023,TV-MA,100 min,Documentary,English,N/A,N/A,4.2,"2,034",N/A
88,Love's Greek to Me,10 Jun 2023,TV-G,84 min,Romance,"English, Greek",N/A,N/A,5.9,920,N/A
89,Bring Him to Me,23 Feb 2024,R,96 min,"Crime, Thriller",English,1 win,N/A,5.3,"3,079","$2,301"
90,Alice in Terrorland,28 Dec 2023,N/A,77 min,Horror,English,N/A,N/A,2.8,"1,433",N/A
91,Josh Johnson: Up Here Killing Myself,17 Feb 2023,N/A,60 min,Comedy,N/A,N/A,N/A,7.2,169,N/A
92,Soppana Sundari,14 Apr 2023,N/A,115 min,"Comedy, Drama, Thriller",Tamil,N/A,N/A,6.3,"1,010",N/A
93,The Gates,27 Jun 2023,N/A,111 min,"Horror, Thriller",English,N/A,N/A,4.6,824,N/A
94,Blackout,12 Apr 2024,Unrated,104 min,Horror,English,3 wins,N/A,5.2,554,N/A
95,My Christmas Guide,02 Nov 2023,TV-G,84 min,Romance,English,1 nomination,N/A,7.2,"1,078",N/A
96,A Heidelberg Holiday,12 Nov 2023,TV-G,88 min,"Comedy, Drama, Family",English,N/A,N/A,6.8,952,N/A
97,Squealer,03 Nov 2023,R,100 min,"Action, Horror, Thriller",English,N/A,N/A,3.4,740,N/A
98,Holiday Hotline,19 Nov 2023,TV-G,84 min,Romance,English,1 nomination,N/A,6.8,"1,237",N/A
99,Flipping for Christmas,03 Nov 2023,N/A,90 min,Romance,English,N/A,N/A,5.9,825,N/A
100,Maxine's Baby: The Tyler Perry Story,17 Nov 2023,PG-13,115 min,"Documentary, Biography",English,1 nomination,N/A,7.6,515,N/A
101,Stars Fell Again,03 Feb 2023,PG-13,88 min,"Comedy, Romance",English,N/A,N/A,N/A,260,N/A
102,Believer 2,17 Nov 2023,TV-MA,114 min,"Action, Crime, Thriller",Korean,N/A,N/A,5.6,"1,897",N/A
103,"New Year, New Us 2: #LoveGoals",01 Dec 2023,N/A,135 min,Drama,English,N/A,N/A,N/A,N/A,N/A
104,Curious Caterer: Grilling Season,05 Feb 2023,TV-PG,84 min,"Crime, Mystery",English,3 nominations,N/A,6.6,835,N/A
105,Jim Jefferies: High n' Dry,14 Feb 2023,TV-MA,68 min,"Documentary, Comedy",English,1 nomination,N/A,7.1,"2,669",N/A
106,Mystery on Mistletoe Lane,09 Nov 2023,TV-G,90 min,Mystery,English,3 nominations,N/A,7.0,"1,236",N/A
107,Christmas with the Chosen: Holy Night,12 Dec 2023,N/A,125 min,Music,English,N/A,N/A,7.3,416,"$4,676,000"
108,Daniel,20 Dec 2023,N/A,72 min,"Documentary, Adventure, Biography","Maya, Spanish, English",N/A,N/A,7.6,501,N/A
109,A Picture of Her,26 Mar 2023,TV-G,84 min,Romance,English,1 win,N/A,6.7,"1,273",N/A
110,Reggie,24 Mar 2023,PG-13,104 min,"Documentary, Sport",English,1 nomination,N/A,7.0,831,N/A
111,Making of 'The Last of Us',14 Mar 2023,TV-14,31 min,Documentary,English,N/A,N/A,N/A,213,N/A
112,Headspace,15 Sep 2023,N/A,85 min,"Animation, Action, Adventure",N/A,N/A,N/A,4.7,258,N/A
113,The Wedding Cottage,15 Apr 2023,TV-G,84 min,"Comedy, Drama, Romance",English,N/A,N/A,7.1,"1,310",N/A
114,The Quest for Tom Sawyer's Gold,28 Mar 2023,PG,88 min,"Adventure, Family",English,N/A,N/A,4.2,"2,639",N/A
115,Deep Sea,24 Nov 2023,PG-13,112 min,"Animation, Adventure, Drama",Mandarin,4 wins & 8 nominations,N/A,6.7,"2,185","$9,575"
116,Boonie Bears: Guardian Code,22 Jan 2023,PG,96 min,"Animation, Adventure, Comedy","Mandarin, English, Chinese",2 wins & 1 nomination,N/A,6.4,186,N/A
117,Super Drunk,30 Aug 2023,N/A,79 min,Comedy,French,N/A,N/A,N/A,208,N/A
118,Mooned,22 Dec 2023,PG,9 min,"Animation, Short, Comedy",English,N/A,N/A,6.1,"1,249",N/A
119,A Revolution on Canvas,05 Mar 2024,TV-14,95 min,"Documentary, Thriller","English, Persian",1 win,N/A,7.3,110,N/A
120,Spy Kids: Armageddon,22 Sep 2023,PG,97 min,"Action, Comedy, Family",English,N/A,N/A,4.3,"3,604",N/A
121,Ocean Deep,22 Sep 2023,R,90 min,Mystery,English,N/A,N/A,5.2,53,N/A
122,JFK: What the Doctors Saw,14 Nov 2023,N/A,92 min,"Documentary, History",English,N/A,N/A,7.5,661,N/A
123,Metalocalypse: Army of the Doomstar,06 Apr 2024,R,83 min,Animation,English,N/A,N/A,6.4,"1,223",N/A
124,Alimañas,27 Oct 2023,R,84 min,Comedy,Spanish,1 nomination,N/A,4.9,459,N/A
125,Get Close,03 Mar 2023,N/A,99 min,"Action, Crime",English,N/A,N/A,N/A,56,N/A
126,Hammarskjöld: Fight for Peace,25 Dec 2023,N/A,114 min,"Biography, Drama, Thriller","Swedish, French, English",2 wins & 7 nominations,N/A,6.6,"2,387",N/A
127,Syif Malam,07 Dec 2023,N/A,101 min,"Comedy, Horror",Malay,N/A,N/A,N/A,N/A,N/A
128,Call Me Chihiro,23 Feb 2023,TV-14,131 min,Drama,Japanese,N/A,N/A,6.9,"3,757",N/A
129,A Cowboy Christmas,07 Nov 2023,N/A,82 min,Drama,English,N/A,N/A,N/A,51,N/A
130,Mojave Diamonds,30 May 2023,R,98 min,"Action, Thriller",English,N/A,N/A,2.9,392,N/A
131,Roadkill,23 May 2023,N/A,93 min,"Action, Drama, Thriller",English,N/A,N/A,4.4,401,N/A
132,Paint,07 Apr 2023,PG-13,96 min,"Comedy, Drama",English,1 nomination,45,5.0,"5,643","$811,739"
133,Luther: The Fallen Sun,10 Mar 2023,R,129 min,"Action, Crime, Drama","English, Estonian, Portuguese",2 wins,53,6.4,"67,366",N/A
134,Shortcomings,04 Aug 2023,R,92 min,"Comedy, Drama, Romance",English,4 nominations,65,6.4,"3,901","$675,257"
135,Good Grief,05 Jan 2024,R,100 min,"Comedy, Drama, Romance",English,1 win,N/A,6.4,"11,035",N/A
136,Mile Marker 12,N/A,N/A,N/A,Thriller,N/A,N/A,N/A,N/A,N/A,N/A
137,The Wonder Weeks,09 Jun 2023,TV-MA,91 min,"Comedy, Drama",Dutch,N/A,N/A,4.7,774,N/A
138,Soul Mates,12 Apr 2023,R,88 min,"Horror, Thriller",English,N/A,N/A,4.9,674,"$95,507"
139,Fingernails,03 Nov 2023,R,113 min,"Drama, Romance, Sci-Fi",English,2 wins & 8 nominations,N/A,5.8,"8,796",N/A
140,Fall Into Winter,28 Jan 2023,N/A,85 min,"Comedy, Romance",English,N/A,N/A,5.5,"1,291",N/A
141,The Perfect Find,23 Jun 2023,TV-MA,99 min,"Comedy, Drama, Romance",English,1 win & 4 nominations,57,5.2,"3,379",N/A
142,Silent as the Grave,27 Jul 2023,N/A,92 min,"Crime, Drama, Mystery",N/A,N/A,N/A,4.8,149,N/A
143,Love Is in the Air,28 Sep 2023,TV-14,88 min,"Comedy, Drama, Romance",English,N/A,N/A,5.6,"4,472",N/A
144,Sea Monsters,N/A,TV-G,72 min,Animation,English,N/A,N/A,5.9,81,N/A
145,Tin & Tina,26 May 2023,N/A,119 min,"Horror, Mystery, Thriller",Spanish,3 wins & 3 nominations,N/A,4.7,"7,746",N/A
146,Now and Then - The Last Beatles Song,02 Nov 2023,TV-PG,12 min,"Documentary, Short, Biography",English,1 nomination,N/A,7.7,699,N/A
147,Mae Martin: SAP,28 Mar 2023,N/A,70 min,Comedy,English,N/A,N/A,6.3,"1,047",N/A
148,Bebe Zahara Benet: Africa Is Not a Country,02 May 2023,N/A,51 min,Comedy,English,N/A,N/A,4.8,23,N/A
149,Heir of the Witch,04 Aug 2023,R,N/A,"Horror, Thriller",English,N/A,N/A,6.0,385,N/A
150,Kandasamys: The Baby,20 Oct 2023,TV-14,93 min,Comedy,English,N/A,N/A,4.8,220,N/A
151,Under the Boardwalk,07 Nov 2023,PG,83 min,"Animation, Adventure, Comedy",English,N/A,N/A,5.9,944,N/A
152,Cyberbunker: The Criminal Underworld,08 Nov 2023,N/A,101 min,"Documentary, Crime",German,N/A,N/A,6.4,"1,567",N/A
153,Bye Bye Barry,21 Nov 2023,N/A,92 min,"Documentary, Sport",English,N/A,N/A,7.7,"2,103",N/A
154,Kho Gaye Hum Kahan,26 Dec 2023,TV-14,135 min,"Comedy, Drama, Romance",Hindi,5 wins & 26 nominations,N/A,7.4,"30,516",N/A
155,Death on the Border,03 Nov 2023,N/A,95 min,"Crime, Drama, Mystery",English,N/A,N/A,3.6,308,N/A
156,Of an Age,07 Apr 2023,R,100 min,"Drama, Romance","English, Serbian",2 wins & 9 nominations,69,7.1,"4,497","$556,585"
157,Voices Rising: The Music of Wakanda Forever,28 Feb 2023,N/A,N/A,"Documentary, Music",English,N/A,N/A,N/A,186,N/A
158,Somewhere in Queens,21 Apr 2023,R,106 min,"Comedy, Drama, Sport",English,2 nominations,61,6.8,"5,528","$1,802,442"
159,Tonight You're Sleeping with Me,01 Mar 2023,TV-MA,92 min,"Drama, Romance",Polish,N/A,N/A,3.8,"1,144",N/A
160,Unknown: Cave of Bones,17 Jul 2023,TV-PG,93 min,Documentary,English,N/A,N/A,6.7,"2,497",N/A
161,Golda,25 Aug 2023,PG-13,100 min,"Biography, Drama, History","English, Hebrew, Arabic",Nominated for 1 Oscar. 1 win & 10 nominations total,51,5.9,"13,354","$4,801,781"
162,Old Dads,20 Oct 2023,R,104 min,Comedy,English,N/A,N/A,6.2,"42,988",N/A
163,Pillow Party Massacre,15 Apr 2023,N/A,87 min,Horror,English,1 win,N/A,3.2,440,N/A
164,Cocaine Bear: The True Story,14 Apr 2023,TV-14,51 min,Documentary,English,N/A,N/A,N/A,337,N/A
165,Village,16 Jun 2023,N/A,120 min,Drama,Japanese,N/A,N/A,5.8,889,N/A
166,Olvido y León,03 Mar 2023,N/A,107 min,Drama,Spanish,1 nomination,N/A,5.7,66,N/A
167,A Million Miles Away,15 Sep 2023,PG,121 min,"Biography, Drama",English,5 wins & 6 nominations,N/A,7.3,"23,401",N/A
168,Love at First Sight,15 Sep 2023,PG-13,91 min,"Drama, Romance",English,2 wins & 1 nomination,N/A,6.8,"36,028",N/A
169,The Piper,27 Oct 2023,R,105 min,"Fantasy, Horror","English, German",N/A,N/A,4.7,360,N/A
170,Knights of the Zodiac,12 May 2023,PG-13,112 min,"Action, Adventure, Drama",English,1 nomination,35,4.4,"14,492","$1,090,155"
171,Ageless Love,07 Feb 2023,N/A,99 min,Romance,English,3 wins & 5 nominations,N/A,8.3,89,N/A
172,Thanksgiving,17 Nov 2023,R,106 min,"Horror, Mystery, Thriller",English,1 win & 12 nominations,N/A,6.2,"62,929","$31,908,884"
173,Biohazard: Death Island,07 Jul 2023,R,91 min,"Animation, Action, Horror","Japanese, English",N/A,N/A,5.7,"9,426",N/A
174,The Crusades,07 Jul 2023,N/A,102 min,"Comedy, Drama",English,N/A,N/A,4.5,288,"$5,887"
175,The Caine Mutiny Court-Martial,06 Oct 2023,TV-14,108 min,"Drama, War",English,3 nominations,N/A,6.8,"5,001",N/A
176,Big George Foreman,28 Apr 2023,PG-13,129 min,"Biography, Drama, Sport",English,N/A,45,6.6,"9,862","$5,426,772"
177,Aquaman and the Lost Kingdom,22 Dec 2023,PG-13,124 min,"Action, Adventure, Fantasy",English,6 nominations,N/A,5.6,"98,484","$124,481,226"
178,The Girl Who Escaped: The Kara Robinson Story,11 Feb 2023,TV-14,88 min,"Crime, Drama, Thriller",English,3 wins & 1 nomination,N/A,6.2,"4,520",N/A
179,Landscape with Invisible Hand,16 Nov 2023,R,105 min,"Comedy, Drama, Sci-Fi",English,N/A,45,6.0,"3,706","$203,403"
180,Stephen Curry: Underrated,21 Jul 2023,PG-13,110 min,"Documentary, Biography, Sport",English,3 nominations,69,7.3,"4,500",N/A
181,Black Clover: Sword of the Wizard King,16 Jun 2023,TV-14,110 min,"Animation, Action, Adventure","Spanish, English, Portuguese, Italian, Polish, Japanese",1 nomination,N/A,7.4,"8,267",N/A
182,Bert Kreischer: Razzle Dazzle,14 Mar 2023,TV-MA,60 min,"Documentary, Comedy",English,N/A,N/A,7.0,"1,813",N/A
183,Guardians of the Galaxy Vol. 3,05 May 2023,PG-13,150 min,"Action, Adventure, Comedy",English,Nominated for 1 Oscar. 11 wins & 87 nominations total,64,7.9,"402,022","$358,995,815"
184,Kountry Wayne: A Woman's Prayer,19 Sep 2023,N/A,60 min,"Documentary, Comedy",English,N/A,N/A,4.7,209,N/A
185,Priscilla,03 Nov 2023,R,113 min,"Biography, Drama, Music",English,5 wins & 35 nominations,N/A,6.5,"41,549","$20,960,939"
186,Pet Sematary: Bloodlines,06 Oct 2023,R,87 min,"Fantasy, Horror",English,1 win & 2 nominations,N/A,4.6,"12,454",N/A
187,Nyad,03 Nov 2023,PG-13,121 min,"Biography, Drama, Sport","English, Spanish",Nominated for 2 Oscars. 9 wins & 37 nominations total,N/A,7.1,"40,945",N/A
188,John Mulaney: Baby J,25 Apr 2023,TV-MA,80 min,"Documentary, Comedy",English,Won 1 Primetime Emmy. 2 wins & 3 nominations total,N/A,7.5,"6,670",N/A
189,Sun Moon,05 May 2023,PG,96 min,"Drama, Romance",English,N/A,N/A,5.4,315,N/A
190,Inside,17 Mar 2023,R,105 min,"Drama, Thriller",English,4 wins & 10 nominations,53,5.5,"18,479","$918,415"
191,A Day and a Half,01 Sep 2023,TV-MA,94 min,"Action, Drama, Thriller",Swedish,N/A,N/A,5.8,"3,286",N/A
192,Bed Rest,07 Dec 2022,R,90 min,"Drama, Horror, Mystery",English,2 nominations,N/A,5.1,"4,394",N/A
193,Sisu,28 Apr 2023,R,91 min,"Action, War","English, Finnish",10 wins & 10 nominations,70,6.9,"83,207","$7,265,622"
194,Robots,19 May 2023,R,93 min,"Comedy, Romance, Sci-Fi",English,N/A,N/A,5.5,"7,551",N/A
195,Retribution,25 Aug 2023,R,91 min,"Action, Thriller","English, German",1 nomination,N/A,5.3,"23,492","$6,937,696"
196,Million to One,12 Sep 2023,TV-PG,75 min,"Comedy, Drama, Romance",English,N/A,N/A,N/A,77,N/A
197,The Murderer,27 Jul 2023,TV-MA,120 min,"Comedy, Crime, Mystery","Thai, English",N/A,N/A,6.1,"1,138",N/A
198,The Creator,29 Sep 2023,PG-13,133 min,"Action, Adventure, Drama","English, Thai",Nominated for 2 Oscars. 13 wins & 42 nominations total,N/A,6.7,"173,191","$40,774,679"
199,The Lost Century: And How to Reclaim It,06 Jun 2023,N/A,106 min,Documentary,English,N/A,N/A,7.6,823,N/A
200,Frank Capra: Mr America,01 Sep 2023,N/A,92 min,Documentary,English,1 nomination,N/A,N/A,N/A,N/A
201,Locked In,19 Jan 2023,N/A,77 min,"Mystery, Thriller",English,N/A,N/A,N/A,18,N/A
202,Infidelity,03 Mar 2023,TV-MA,89 min,Drama,English,N/A,N/A,N/A,67,N/A
203,Amityville Ripper,21 Oct 2023,N/A,78 min,"Comedy, Horror",English,N/A,N/A,3.2,133,N/A
204,What Lies Under the Tree,08 Dec 2023,N/A,93 min,Horror,English,N/A,N/A,4.7,73,N/A
205,A Season for Family,22 Nov 2023,TV-G,90 min,Romance,English,N/A,N/A,7.0,861,N/A
206,NFL Draft: The Pick is In,N/A,N/A,N/A,Documentary,English,N/A,N/A,N/A,N/A,N/A
207,Attack of the Tattie-Bogle,27 Oct 2017,N/A,60 min,Horror,English,N/A,N/A,3.5,193,N/A
208,Back to School with Gus Johnson,18 Feb 2023,N/A,N/A,Documentary,English,N/A,N/A,N/A,N/A,N/A
209,Everything Christmas,10 Nov 2023,TV-G,85 min,Romance,English,N/A,N/A,6.0,915,N/A
210,Long Shot Louie,09 Sep 2023,R,87 min,"Action, Crime, Drama",English,1 win,N/A,6.2,30,N/A
211,Between the Rains,10 Jun 2023,N/A,82 min,Documentary,Swahili,3 wins & 3 nominations,N/A,N/A,27,N/A
212,My Landlord Wants Me Dead,05 Feb 2023,TV-14,88 min,Thriller,English,N/A,N/A,4.3,234,N/A
213,Apple Music Live: Ed Sheeran,10 May 2023,N/A,79 min,Music,English,N/A,N/A,7.0,80,N/A
214,Wedding Season,03 Jun 2023,TV-G,84 min,"Comedy, Romance",English,N/A,N/A,6.1,700,N/A
215,American Nightmare: Becoming Cody Rhodes,31 Jul 2023,TV-14,120 min,Documentary,English,N/A,N/A,7.8,499,N/A
216,The Domino Revival,24 Oct 2023,PG-13,125 min,Documentary,English,N/A,N/A,6.0,510,"$851,398"
217,Nguyen,N/A,N/A,N/A,Documentary,English,3 wins & 1 nomination,N/A,N/A,N/A,N/A
218,As We Know It,30 Nov 2023,R,84 min,"Comedy, Horror, Romance",English,N/A,N/A,4.4,215,N/A
219,River of Freedom,07 Sep 2023,N/A,154 min,Documentary,English,N/A,N/A,6.4,242,N/A
220,Homecoming,N/A,N/A,58 min,Documentary,Persian,N/A,N/A,N/A,N/A,N/A
221,Sashiyum Sakunthalayum,18 Aug 2023,N/A,122 min,Comedy,Malayalam,N/A,N/A,N/A,408,N/A
222,Fables for the Witching Hour,01 Mar 2023,N/A,82 min,Horror,English,N/A,N/A,3.9,83,N/A
223,The Last Deal,07 Feb 2023,R,91 min,"Action, Crime, Thriller",English,2 wins,N/A,4.6,"1,885",N/A
224,Hussle Game,21 Apr 2023,N/A,N/A,Drama,English,N/A,N/A,N/A,21,N/A
225,Hostile Forces,25 Aug 2023,R,109 min,"Action, Drama, Thriller",English,N/A,N/A,4.5,148,N/A
226,Sam Jay: Salute Me or Shoot Me,23 Sep 2023,N/A,60 min,Comedy,English,1 nomination,N/A,N/A,126,N/A
227,Devil on My Doorstep,11 Nov 2023,TV-14,87 min,Thriller,English,N/A,N/A,5.1,226,N/A
228,Thaaram Theertha Koodaram,14 Apr 2023,N/A,125 min,"Drama, Romance",Malayalam,N/A,N/A,7.8,614,N/A
229,The Blessing Bracelet,09 Apr 2023,TV-G,84 min,"Drama, Family, Romance",English,N/A,N/A,6.9,869,N/A
230,Justice League x RWBY: Super Heroes and Huntsmen,N/A,PG,N/A,"Animation, Action, Adventure",English,N/A,N/A,N/A,10,N/A
231,The Weapon,17 Feb 2023,R,85 min,"Action, Thriller",English,N/A,N/A,2.6,476,N/A
232,Outside,01 Jan 2023,N/A,N/A,"Short, Comedy",English,N/A,N/A,N/A,N/A,N/A
233,Casamento às Cegas Brasil: Depois do Altar,20 Dec 2023,N/A,N/A,Reality-TV,Portuguese,N/A,N/A,N/A,24,N/A
234,Cassandro,22 Sep 2023,R,107 min,"Biography, Drama, Sport","English, Spanish",2 wins & 13 nominations,81,6.5,"4,131",N/A
235,Devil Beneath,13 Jan 2023,N/A,86 min,"Horror, Thriller",English,N/A,N/A,3.8,465,N/A
236,Invisible Beauty,29 Sep 2023,N/A,115 min,Documentary,Spanish,6 wins & 7 nominations,N/A,7.4,153,"$92,040"
237,The Gods 2: The Dark Side,22 Feb 2023,N/A,124 min,"Action, Crime, Thriller",English,N/A,N/A,9.5,64,N/A
238,True Haunting,06 Jan 2023,PG-13,N/A,Horror,N/A,N/A,N/A,N/A,N/A,N/A
239,The Hiding Place,16 Aug 2023,N/A,147 min,Biography,English,N/A,N/A,7.6,74,N/A
240,Malice: Nu Gui,11 Jun 2023,N/A,45 min,Horror,"English, Chinese",N/A,N/A,7.6,17,N/A
241,Lucky Man,01 Sep 2023,N/A,134 min,Comedy,Tamil,N/A,N/A,6.4,720,N/A
242,Christmas with a Kiss,03 Dec 2023,TV-G,85 min,Romance,English,N/A,N/A,5.7,498,N/A
243,The Mill,09 Oct 2023,N/A,106 min,"Drama, Mystery, Sci-Fi",English,N/A,N/A,5.4,"3,415",N/A
244,Her Affair to Die For,23 Feb 2023,TV-14,N/A,Thriller,English,N/A,N/A,5.1,183,N/A
245,Checkin' It Twice,20 Oct 2023,N/A,84 min,"Comedy, Romance",English,N/A,N/A,6.9,"1,316",N/A
246,The Great Indian Family,22 Sep 2023,N/A,112 min,Family,Hindi,N/A,N/A,5.6,"6,933",N/A
247,From Paris with Danger,19 Aug 2023,TV-14,88 min,"Adventure, Crime, Mystery",English,N/A,N/A,4.8,162,N/A
248,Coyote Cage,22 Sep 2023,N/A,N/A,"Drama, Horror, Thriller",English,N/A,N/A,7.7,97,N/A
249,Christmas Keepsake,11 Nov 2023,N/A,85 min,Romance,English,N/A,N/A,6.4,564,N/A
250,Trim Season,31 Mar 2023,N/A,100 min,"Horror, Thriller",English,N/A,N/A,4.6,448,N/A
251,King Jeff's Troubleshooters,15 Apr 2023,N/A,62 min,Sci-Fi,English,N/A,N/A,N/A,N/A,N/A
252,Wil,31 Jan 2024,N/A,110 min,"Drama, History, War","Flemish, German, French",6 wins & 9 nominations,N/A,6.9,"5,922",N/A
253,Murder Mystery 2,31 Mar 2023,PG-13,90 min,"Action, Adventure, Comedy",English,1 win,44,5.7,"72,786",N/A
254,Mystic Christmas,28 Oct 2023,N/A,84 min,Romance,"English, Icelandic",N/A,N/A,6.4,975,N/A
255,Diary of a Wimpy Kid Christmas: Cabin Fever,08 Dec 2023,PG,62 min,"Animation, Adventure, Comedy",English,N/A,N/A,5.8,"1,390",N/A
256,The Lovers,14 Jul 2023,N/A,70 min,"Drama, Romance",English,N/A,N/A,N/A,N/A,N/A
257,Happy Ending,01 Sep 2023,TV-MA,92 min,"Comedy, Romance",Dutch,N/A,N/A,5.4,"1,980",N/A
258,Death's Roulette,05 May 2023,N/A,94 min,"Drama, Mystery, Thriller",Spanish,1 nomination,N/A,5.5,"1,939",N/A
259,A Lifelong Love,21 Jul 2023,TV-G,84 min,Romance,English,N/A,N/A,5.6,478,N/A
260,RWBY: Volume 9,18 Feb 2023,N/A,N/A,Animation,English,N/A,N/A,8.0,52,N/A
261,Scarygirl,26 Oct 2023,PG,90 min,"Animation, Adventure, Fantasy",English,1 win & 9 nominations,N/A,5.3,579,N/A
262,Do Not Disturb,29 Sep 2023,TV-MA,114 min,"Comedy, Drama",Turkish,3 nominations,N/A,6.3,"10,587",N/A
263,Once Upon a Studio,13 Oct 2023,G,9 min,"Animation, Short, Comedy",English,1 nomination,N/A,8.3,"7,259",N/A
264,Christmas Island,11 Nov 2023,TV-G,84 min,Romance,English,1 win & 2 nominations,N/A,6.7,"1,448",N/A
265,In Dreams,17 Jan 2023,N/A,80 min,Thriller,English,N/A,N/A,4.4,155,N/A
266,The Activated Man,02 Nov 2023,R,115 min,Thriller,English,38 wins & 1 nomination,N/A,7.3,"1,397",N/A
267,Medusa Deluxe,11 Aug 2023,R,101 min,"Drama, Mystery",English,2 wins & 8 nominations,N/A,6.1,"2,041",N/A
268,A Creature Was Stirring,12 Dec 2023,R,96 min,Horror,English,N/A,N/A,4.6,825,N/A
269,Sathiya Sodhanai,21 Jul 2023,N/A,109 min,Comedy,Tamil,N/A,N/A,5.5,181,N/A
270,Rock Hudson: All That Heaven Allowed,28 Jun 2023,TV-14,104 min,Documentary,English,Nominated for 1 Primetime Emmy. 5 nominations total,71,7.3,"1,491",N/A
271,Under the Sky of Damascus,20 Feb 2023,N/A,88 min,Documentary,Arabic,3 wins & 2 nominations,N/A,N/A,66,N/A
272,Nandor Fodor and the Talking Mongoose,19 Sep 2023,PG-13,96 min,"Comedy, Mystery",English,N/A,N/A,5.4,"2,513",N/A
273,The Netflix Cup,14 Nov 2023,TV-MA,180 min,"Game-Show, Reality-TV, Sport",English,N/A,N/A,3.5,125,N/A
274,Bezos,24 Jan 2023,R,99 min,"Biography, Drama, History",English,N/A,N/A,4.3,"2,881",N/A
275,They Shot the Piano Player,06 Oct 2023,PG-13,104 min,"Animation, Drama, History","Spanish, Portuguese, English",10 nominations,N/A,6.6,756,"$59,587"
276,Mystery on the Cattle Hill Express,03 Mar 2023,PG,70 min,"Animation, Action, Adventure",Norwegian,N/A,N/A,5.0,66,N/A
277,The Swan Princess: A Fairytale Is Born,23 May 2023,PG,86 min,"Animation, Adventure, Comedy",English,N/A,N/A,N/A,88,N/A
278,Space Pups,16 May 2023,G,92 min,"Adventure, Family, Sci-Fi",English,N/A,N/A,4.9,317,N/A
279,Willow: Behind the Magic,25 Jan 2023,N/A,33 min,"Documentary, Short",English,N/A,N/A,6.7,170,N/A
280,"3 Bed, 2 Bath, 1 Ghost",07 Oct 2023,TV-G,84 min,"Comedy, Drama, Family","English, Spanish",4 nominations,N/A,7.1,"1,586",N/A
281,Fanfic,17 May 2023,TV-MA,95 min,Drama,Polish,N/A,N/A,5.8,"1,262",N/A
282,Long Live Love!,29 Jun 2023,N/A,135 min,"Comedy, Drama, Romance",Thai,N/A,N/A,6.5,"1,872",N/A
283,The Evils Surrounding Elvis,N/A,N/A,80 min,Documentary,English,N/A,N/A,N/A,15,N/A
284,True Spirit,03 Feb 2023,TV-PG,109 min,"Adventure, Biography, Drama",English,2 nominations,50,6.8,"10,895",N/A
285,Sniper: G.R.I.T. - Global Response & Intelligence Team,26 Sep 2023,R,93 min,Action,English,N/A,N/A,5.1,"1,319",N/A
286,Chicken Run: Dawn of the Nugget,15 Dec 2023,PG,98 min,"Animation, Adventure, Comedy",English,Nominated for 1 BAFTA Award1 win & 9 nominations total,N/A,6.4,"24,913",N/A
287,TLC Forever,03 Jun 2023,TV-14,120 min,"Documentary, Biography, Music",English,1 nomination,N/A,N/A,297,N/A
288,Code Red,01 Jun 2023,N/A,N/A,Crime,Hindi,N/A,N/A,N/A,N/A,N/A
289,Dear David,09 Feb 2023,TV-14,118 min,"Comedy, Drama, Fantasy",Indonesian,N/A,N/A,5.7,987,N/A
290,In the Name of Gerry Conlon,15 Jun 2022,N/A,N/A,Documentary,English,1 win,N/A,N/A,45,N/A
291,85 South: Ghetto Legends,20 Jun 2023,N/A,54 min,Comedy,English,N/A,N/A,3.9,180,N/A
292,Zom 100: Bucket List of the Dead,03 Aug 2023,TV-MA,128 min,"Action, Comedy, Fantasy",Japanese,1 nomination,N/A,5.5,"6,832",N/A
293,Warrior Strong,29 Sep 2023,N/A,98 min,"Drama, Sport",English,2 nominations,N/A,5.5,237,N/A
294,Justice League: Warworld,25 Jul 2023,R,89 min,"Animation, Action, Adventure",English,1 nomination,N/A,5.3,"4,883",N/A
295,The Blind,28 Sep 2023,PG-13,108 min,Drama,English,2 nominations,N/A,6.1,"2,233","$17,265,487"
296,Race to the Summit,04 Oct 2023,TV-14,90 min,"Documentary, Adventure, Sport",German,1 nomination,N/A,6.8,"1,391",N/A
297,Anthem,28 Jun 2023,PG,97 min,"Documentary, Music",English,N/A,N/A,3.9,155,N/A
298,Two Sinners and a Mule,21 Apr 2023,R,97 min,Western,English,N/A,N/A,3.6,278,N/A
299,The Resurrection of Charles Manson,16 Mar 2023,N/A,78 min,"Horror, Thriller",English,N/A,N/A,3.2,404,N/A
300,Ant-Man and the Wasp: Quantumania,17 Feb 2023,PG-13,124 min,"Action, Adventure, Comedy",English,13 nominations,48,6.0,"239,427","$214,504,909"
301,Unknown: Killer Robots,10 Jul 2023,TV-14,68 min,Documentary,English,N/A,N/A,6.4,"1,284",N/A
302,A Cat's Life,05 Apr 2023,PG,83 min,"Adventure, Drama, Family",French,N/A,N/A,6.1,411,"$162,363"
303,One Year Off,07 Feb 2023,PG-13,100 min,Comedy,"English, Russian",N/A,N/A,3.8,126,N/A
304,Boston Strangler,17 Mar 2023,R,112 min,"Crime, Drama, History",English,Nominated for 1 Primetime Emmy. 1 win & 7 nominations total,58,6.5,"35,556",N/A
305,A Stork's Journey 2,18 Jun 2024,PG,84 min,"Animation, Adventure, Family",English,N/A,N/A,5.1,345,N/A
306,Guy Ritchie's the Covenant,21 Apr 2023,R,123 min,"Action, Drama, Thriller","English, Dari",1 win & 3 nominations,63,7.5,"176,336","$16,938,039"
307,Organ Trail,12 May 2023,R,112 min,"Drama, Horror, Thriller",English,N/A,N/A,5.0,"1,680",N/A
308,Widow Clicquot,18 Jul 2024,R,90 min,Drama,English,N/A,N/A,6.3,"1,555","$1,023,984"
309,"Red, White & Royal Blue",11 Aug 2023,R,118 min,"Comedy, Romance",English,Nominated for 1 Primetime Emmy. 3 wins & 7 nominations total,61,6.9,"53,860",N/A
310,Flora and Son,29 Sep 2023,R,97 min,"Comedy, Music, Romance",English,3 wins & 8 nominations,76,7.0,"14,106",N/A
311,Sitting in Bars with Cake,08 Sep 2023,PG-13,120 min,"Comedy, Drama, Romance",English,1 win & 2 nominations,N/A,6.4,"3,289",N/A
312,Leave the World Behind,08 Dec 2023,R,138 min,"Drama, Mystery, Thriller",English,1 win & 11 nominations,N/A,6.4,"215,261",N/A
313,Animal,01 Dec 2023,Not Rated,204 min,"Action, Crime, Drama",Hindi,32 wins & 54 nominations,N/A,6.1,"99,554","$15,004,482"
314,Mixtape,01 Aug 2023,N/A,86 min,Documentary,English,N/A,N/A,N/A,122,N/A
315,Sharper,17 Feb 2023,R,116 min,"Crime, Drama, Thriller",English,1 win,65,6.7,"32,796",N/A
316,Tetris,31 Mar 2023,R,118 min,"Biography, Drama, History","English, Russian, Japanese, Hungarian",5 nominations,61,7.4,"89,490",N/A
317,On a Wing and a Prayer,07 Apr 2023,PG,102 min,Drama,English,N/A,19,5.5,"5,617",N/A
318,Monster,22 Nov 2023,PG-13,127 min,"Drama, Thriller","Japanese, English",10 wins & 42 nominations,80,7.8,"28,746","$434,585"
319,Perfect Days,21 Dec 2023,PG,124 min,Drama,"Japanese, English",Nominated for 1 Oscar. 8 wins & 37 nominations total,74,7.9,"62,885","$3,766,668"
320,The Teachers' Lounge,04 May 2023,PG-13,98 min,Drama,"German, Turkish, Polish, English",Nominated for 1 Oscar. 12 wins & 21 nominations total,N/A,7.4,"22,714","$628,218"
321,The Mattachine Family,04 Jun 2024,N/A,99 min,Drama,English,1 win & 3 nominations,N/A,6.0,349,N/A
322,The Pass,27 Aug 2023,N/A,100 min,"Drama, Thriller",English,N/A,N/A,4.9,658,N/A
323,Hunger,06 Apr 2023,TV-MA,146 min,"Drama, Thriller",Thai,1 nomination,N/A,6.6,"18,330",N/A
324,Quiz Lady,03 Nov 2023,R,99 min,Comedy,English,Won 1 Primetime Emmy. 5 wins & 4 nominations total,N/A,6.7,"21,599",N/A
325,Invitation to a Murder,25 Apr 2023,PG-13,92 min,"Mystery, Thriller",English,N/A,N/A,5.1,"5,275",N/A
326,Napoleon,22 Nov 2023,R,158 min,"Action, Adventure, Biography","English, French, Russian, German, Italian",Nominated for 3 Oscars. 5 wins & 44 nominations total,N/A,6.4,"159,309","$61,524,375"
327,Chevalier,06 Apr 2023,PG-13,108 min,"Biography, Drama, History",English,1 win & 7 nominations,67,6.5,"7,288","$3,541,159"
328,Ambush,24 Feb 2023,R,104 min,"Action, Thriller, War",N/A,N/A,N/A,4.0,"1,738",N/A
329,Mavka: The Forest Song,15 Aug 2023,N/A,99 min,"Animation, Adventure, Comedy",English,2 nominations,N/A,6.6,"6,212",N/A
330,"Are You There God? It's Me, Margaret.",28 Apr 2023,PG-13,106 min,"Comedy, Drama, Family","English, Hebrew",26 wins & 82 nominations,84,7.3,"30,399","$20,372,406"
331,The Bad Guys: A Very Bad Holiday,30 Nov 2023,TV-Y7,22 min,"Animation, Action, Adventure",English,1 nomination,N/A,5.1,"1,824",N/A
332,One Life,05 Aug 2024,PG,109 min,"Biography, Drama, History","English, German, Czech, French",3 wins,N/A,7.5,"27,821","$5,716,885"
333,Fair Play,06 Oct 2023,R,113 min,"Drama, Mystery, Thriller",English,11 nominations,76,6.4,"41,498",N/A
334,Abducted by My Teacher: The Elizabeth Thomas Story,12 Aug 2023,TV-14,N/A,"Crime, Drama",English,N/A,N/A,5.8,545,N/A
335,Barbie,21 Jul 2023,PG-13,114 min,"Adventure, Comedy, Fantasy","English, Spanish",Won 1 Oscar. 206 wins & 429 nominations total,80,6.8,"571,413","$636,238,421"
336,Bad Education,10 Mar 2023,N/A,77 min,"Crime, Thriller","Mandarin, Min Nan",3 wins & 14 nominations,N/A,6.3,377,N/A
337,Maybe I Do,27 Jan 2023,PG-13,95 min,"Comedy, Romance",English,N/A,42,5.0,"10,159","$1,293,722"
338,Bobi Wine: The People's President,06 Oct 2023,PG-13,113 min,Documentary,English,Nominated for 1 Oscar. 8 wins & 17 nominations total,N/A,7.1,"1,779","$30,189"
339,Merry Little Batman,08 Dec 2023,TV-Y7,96 min,"Animation, Comedy, Family",English,2 nominations,N/A,6.4,"3,964",N/A
340,Elevator Game,15 Sep 2023,N/A,94 min,"Horror, Thriller",English,N/A,N/A,4.2,"3,614",N/A
341,Downwind,23 Jan 2023,N/A,96 min,Documentary,English,8 wins & 2 nominations,N/A,7.0,224,N/A
342,One Ranger,05 May 2023,R,95 min,"Action, Thriller",English,N/A,N/A,4.9,"3,896",N/A
343,The Exorcist: Believer,06 Oct 2023,R,111 min,Horror,"English, Latin, Haitian, French",1 win & 22 nominations,N/A,4.8,"44,597","$65,537,395"
344,Shayda,05 Oct 2023,PG-13,117 min,Drama,"Persian, English",7 wins & 21 nominations,N/A,6.7,"1,003","$61,694"
345,The Inseparables,13 Dec 2023,Not Rated,90 min,"Animation, Adventure, Family",English,2 nominations,N/A,5.9,504,N/A
346,Transformers: Rise of the Beasts,09 Jun 2023,PG-13,127 min,"Action, Adventure, Sci-Fi","English, Spanish",1 win & 11 nominations,42,6.0,"111,785","$157,066,392"
347,South to Black Power,28 Nov 2023,N/A,89 min,Documentary,English,N/A,N/A,4.8,218,N/A
348,Saint Drogo,11 Apr 2023,N/A,78 min,"Horror, Mystery",English,N/A,N/A,6.3,26,N/A
349,October Is Yours,04 Aug 2023,N/A,77 min,Drama,English,N/A,N/A,N/A,N/A,N/A
350,Key to Love,01 Apr 2023,N/A,90 min,"Drama, Romance",English,N/A,N/A,5.7,274,N/A
351,Country Hearts Christmas,19 Nov 2023,TV-PG,87 min,Romance,English,N/A,N/A,5.4,119,N/A
352,Without Precedent: The Supreme Life of Rosalie Abella,01 May 2023,N/A,80 min,Documentary,English,N/A,N/A,8.4,22,N/A
353,Puppy Bowl XIX,12 Feb 2023,N/A,N/A,Reality-TV,English,N/A,N/A,N/A,35,N/A
354,The Happy Camper,05 Feb 2023,N/A,85 min,"Comedy, Romance",N/A,1 nomination,N/A,6.0,273,N/A
355,Disney 100: Remember That,16 Jul 2023,N/A,N/A,Family,N/A,N/A,N/A,N/A,13,N/A
356,For Better or Worse,20 Oct 2023,N/A,N/A,"Comedy, Romance",English,N/A,N/A,6.0,44,N/A
357,Mercy Land,25 Mar 2023,N/A,N/A,"Action, Drama, Sci-Fi",English,9 wins,N/A,N/A,14,N/A
358,Come Fly with Me,15 Sep 2023,TV-G,N/A,Romance,English,1 nomination,N/A,6.7,618,N/A
359,Trap House,09 Jun 2023,TV-MA,82 min,"Action, Horror, Thriller",English,N/A,N/A,4.4,226,N/A
360,Gwen Shamblin: Starving for Salvation,04 Feb 2023,TV-14,88 min,Drama,English,N/A,N/A,5.8,403,N/A
361,Something Good Coming,12 Aug 2022,PG-13,98 min,"Comedy, Drama, Romance",English,23 wins & 2 nominations,N/A,N/A,6,N/A
362,Experiment 81 a Vacant Space Films production,01 Jan 2023,N/A,41 min,"Short, Sci-Fi",English,N/A,N/A,N/A,N/A,N/A
363,Condor's Nest,27 Jan 2023,R,102 min,"Action, Drama, Thriller",English,N/A,N/A,4.3,"1,054",N/A
364,A Date with Deception,09 Feb 2023,TV-14,84 min,Thriller,English,N/A,N/A,4.6,142,N/A
365,Mary Mary,04 Jul 2023,N/A,N/A,Drama,English,N/A,N/A,N/A,35,N/A
366,Locked Out,29 Apr 2023,N/A,87 min,Documentary,English,N/A,N/A,N/A,N/A,N/A
367,King Charles: The Boy Who Walked Alone,02 May 2023,N/A,N/A,Documentary,N/A,N/A,N/A,3.9,126,N/A
368,A Winning Team,18 Mar 2023,TV-G,84 min,"Comedy, Romance",English,1 nomination,N/A,5.7,525,N/A
369,Jinkx Monsoon: Red Head Redemption,16 May 2023,N/A,72 min,Comedy,English,N/A,N/A,6.9,172,N/A
370,Abused,13 Mar 2023,N/A,N/A,Documentary,English,N/A,N/A,N/A,N/A,N/A
371,Shark Eat Shark,02 Jul 2023,N/A,44 min,Documentary,N/A,N/A,N/A,N/A,23,N/A
372,Naal 2,10 Nov 2023,N/A,130 min,N/A,Marathi,N/A,N/A,9.0,85,N/A
373,Joe Zimmerman: Cult Classic,25 Sep 2023,N/A,57 min,Comedy,English,N/A,N/A,7.0,22,N/A
374,Gridman Universe,24 Mar 2023,N/A,118 min,"Animation, Action, Adventure",Japanese,N/A,N/A,7.0,222,N/A
375,Single Shankarum Smartphone Simranum,24 Feb 2023,N/A,128 min,"Comedy, Drama, Sci-Fi",Tamil,N/A,N/A,4.6,280,N/A
376,Ms. Match,16 Jul 2023,N/A,85 min,"Comedy, Romance","English, Japanese",1 nomination,N/A,5.5,173,N/A
377,10 Truths About Love,11 Feb 2022,N/A,89 min,"Comedy, Romance","English, Portuguese",N/A,N/A,6.0,622,N/A
378,An Audience with Kylie,05 Jun 2024,N/A,57 min,Music,English,Nominated for 1 BAFTA Award1 nomination total,N/A,7.6,81,N/A
379,Tiger 24,20 Jan 2023,N/A,90 min,Documentary,English,4 wins & 3 nominations,N/A,7.3,468,N/A
380,Refuge,19 Apr 2024,R,91 min,Horror,English,N/A,N/A,4.1,292,N/A
381,R.A.D.A.R.: The Adventures of the Bionic Dog,27 Jun 2023,PG,85 min,"Adventure, Family",English,N/A,N/A,5.5,575,N/A
382,Kane,10 Nov 2023,R,90 min,"Crime, Drama, Thriller",English,N/A,N/A,3.9,281,N/A
383,Don't Tear Yourself Apart,01 Sep 2023,N/A,98 min,Thriller,English,8 wins,N/A,6.9,49,N/A
384,Superfan: The Story of Vladimir,28 Oct 2023,N/A,37 min,Documentary,English,N/A,N/A,N/A,13,N/A
385,My Professor's Guide to Murder,01 Jul 2023,TV-14,88 min,Thriller,English,N/A,N/A,5.0,186,N/A
386,Carrot Cake Murder,19 May 2023,N/A,N/A,"Crime, Mystery",N/A,N/A,N/A,N/A,N/A,N/A
387,Jagun Jagun,10 Aug 2023,N/A,133 min,"Drama, History",Yoruba,1 nomination,N/A,3.9,781,N/A
388,Contact: The CE-5 Experience,03 Jan 2023,N/A,N/A,Documentary,English,N/A,N/A,6.7,75,N/A
389,Clock,28 Apr 2023,TV-MA,91 min,"Drama, Horror, Thriller",English,N/A,59,5.0,"6,302",N/A
390,Devilreaux,09 Jun 2023,R,94 min,"Horror, Thriller",N/A,N/A,N/A,2.6,306,N/A
391,Out of Exile,20 Jan 2023,R,107 min,"Crime, Drama, Thriller",English,N/A,N/A,5.0,763,N/A
392,The Abyss,16 Feb 2024,TV-MA,103 min,"Action, Drama, Thriller","Swedish, Saami, Finnish",1 win,N/A,5.3,"9,115",N/A
393,"Luxembourg, Luxembourg",13 Apr 2023,N/A,110 min,Comedy,"Ukrainian, German",5 wins & 13 nominations,N/A,7.9,"4,222",N/A
394,War Pony,28 Jul 2023,R,115 min,"Crime, Drama","English, Sioux",10 wins & 11 nominations,69,6.8,"2,737",N/A
395,The Jewel Thief,13 Jul 2023,TV-MA,100 min,"Documentary, Crime, Mystery",English,2 nominations,N/A,6.5,930,N/A
396,The Unbreakable Bunch,13 Oct 2023,R,N/A,Action,English,N/A,N/A,N/A,7,N/A
397,Vacation Friends 2,25 Aug 2023,R,106 min,"Action, Adventure, Comedy",English,N/A,N/A,5.4,"8,993",N/A
398,The Pigeon Tunnel,20 Oct 2023,PG-13,92 min,"Documentary, Biography",English,3 wins & 9 nominations,N/A,7.0,"1,811",N/A
399,A Harvest Homecoming,30 Sep 2023,TV-PG,85 min,Romance,English,N/A,N/A,6.4,411,N/A
400,Sailor Moon Cosmos,22 Aug 2024,TV-14,160 min,"Animation, Action, Adventure",Japanese,N/A,N/A,7.3,692,N/A
401,Journey to Christmas,29 Oct 2023,N/A,N/A,"Drama, Family, Romance",English,N/A,N/A,6.7,469,N/A
402,Sirona,05 Sep 2023,N/A,100 min,"Mystery, Sci-Fi",English,N/A,N/A,3.5,279,N/A
403,Zero to Hero,03 Apr 2024,N/A,87 min,"Comedy, Music, Romance",Portuguese,1 nomination,N/A,N/A,309,N/A
404,Breakwater,22 Dec 2023,R,97 min,"Crime, Drama, Mystery",English,N/A,N/A,5.2,"1,113",N/A
405,Khufiya,05 Oct 2023,TV-MA,157 min,"Action, Biography, Crime",Hindi,3 wins & 16 nominations,N/A,6.1,"7,753",N/A
406,The Swan,28 Sep 2023,PG,17 min,"Short, Comedy, Drama",English,1 nomination,N/A,6.7,"20,950",N/A
407,Round and Round,10 Dec 2023,TV-G,90 min,"Comedy, Fantasy",English,2 wins & 4 nominations,N/A,7.1,"1,299",N/A
408,OOP Saga,17 Oct 2023,N/A,70 min,Sci-Fi,Italian,N/A,N/A,N/A,20,N/A
409,King Charles III,24 Jul 2023,N/A,72 min,Documentary,English,N/A,N/A,N/A,11,N/A
410,Tribal,19 Dec 2023,N/A,84 min,Documentary,English,N/A,N/A,7.9,76,N/A
411,An Unforgettable Year: Summer,02 Jun 2023,13+,101 min,Romance,Portuguese,N/A,N/A,5.3,237,N/A
412,Transmorphers: Mech Beasts,25 Aug 2023,N/A,85 min,"Action, Sci-Fi",English,N/A,N/A,2.2,292,N/A
413,Beyond Utopia,28 Nov 2023,PG-13,115 min,"Documentary, Biography, History","English, Korean",Nominated for 1 Primetime Emmy. 7 wins & 46 nominations total,85,7.9,"4,105","$11,716"
414,Carajita,25 Nov 2021,N/A,86 min,Drama,Spanish,8 wins & 5 nominations,N/A,6.6,211,N/A
415,Return of the Dark,07 Jul 2023,PG-13,70 min,"Action, Adventure, Drama","English, Turkish, Latin",1 nomination,N/A,N/A,29,N/A
416,An Ice Palace Romance,14 Dec 2023,TV-G,N/A,"Comedy, Romance",English,N/A,N/A,5.9,425,N/A
417,Birth/Rebirth,05 Sep 2023,R,101 min,"Drama, Horror, Thriller","English, Spanish",3 wins & 6 nominations,N/A,6.2,"7,060","$138,617"
418,Rules Ranjann,06 Oct 2023,N/A,122 min,Romance,Telugu,N/A,N/A,4.1,"1,336",N/A
419,Trevor Noah: Where Was I,19 Dec 2023,TV-14,68 min,"Documentary, Comedy",English,Nominated for 2 Primetime Emmys. 4 nominations total,N/A,6.7,"2,584",N/A
420,Street Flow 2,27 Sep 2023,TV-MA,97 min,"Crime, Drama",French,N/A,N/A,N/A,471,N/A
421,Ape vs. Mecha Ape,24 Mar 2023,N/A,84 min,"Action, Fantasy, Horror",English,N/A,N/A,2.7,427,N/A
422,Ready Jet Go! Space Camp,20 Jul 2023,Not Rated,85 min,"Animation, Family",English,N/A,N/A,N/A,23,N/A
423,Carmen,14 Jun 2023,R,116 min,"Drama, Musical","English, Spanish",2 wins & 7 nominations,59,5.7,"1,265","$103,388"
424,The Cases of Mystery Lane: Death Is Listening,13 Sep 2024,N/A,84 min,"Comedy, Mystery","English, Spanish, Sanskrit",N/A,N/A,6.8,403,N/A
425,The Archies,07 Dec 2023,TV-14,141 min,"Comedy, Drama, Musical","Hindi, English",12 wins & 20 nominations,N/A,4.3,"52,954",N/A
426,Unwelcome,14 Mar 2023,R,104 min,"Comedy, Horror",English,N/A,64,5.3,"6,560","$21,284"
427,Centurion: The Dancing Stallion,25 Apr 2023,PG,N/A,"Drama, Family",English,N/A,N/A,6.8,106,N/A
428,Aloha Heart,29 Jul 2023,TV-G,83 min,"Comedy, Romance",English,N/A,N/A,5.6,667,N/A
429,LEGO Disney Princess: The Castle Quest,18 Aug 2023,TV-G,49 min,"Animation, Adventure, Comedy",English,N/A,N/A,5.8,547,N/A
430,The Have Not,21 Aug 2023,N/A,80 min,Drama,English,N/A,N/A,N/A,N/A,N/A
431,Earth Mama,08 Dec 2023,R,101 min,Drama,English,Won 1 BAFTA Award7 wins & 13 nominations total,85,6.6,"1,105",N/A
432,Untold: Johnny Football,08 Aug 2023,TV-MA,70 min,"Documentary, Sport",English,N/A,N/A,6.9,"3,036",N/A
433,Bloodthirst,31 Oct 2023,R,88 min,"Action, Horror, Sci-Fi",English,N/A,N/A,3.7,"1,170",N/A
434,Longest Third Date,18 Apr 2023,TV-MA,75 min,Documentary,English,N/A,N/A,6.4,"1,497",N/A
435,A Thousand and One,31 Mar 2023,R,117 min,"Crime, Drama",English,10 wins & 52 nominations,81,7.0,"7,475","$3,400,020"
436,You People,27 Jan 2023,R,117 min,"Comedy, Romance",English,1 nomination,50,5.5,"64,427",N/A
437,The Engineer,18 Aug 2023,R,92 min,"Action, Thriller",English,1 win,N/A,4.2,"1,943",N/A
438,Jaane Jaan,21 Sep 2023,TV-MA,139 min,"Crime, Drama, Mystery",Hindi,12 wins & 24 nominations,N/A,7.0,"15,024",N/A
439,The Secret Gift of Christmas,15 Dec 2023,N/A,90 min,Romance,English,1 nomination,N/A,6.3,836,N/A
440,Book Club: The Next Chapter,12 May 2023,PG-13,107 min,"Comedy, Romance","English, Italian",2 wins,46,5.6,"7,647","$17,581,565"
441,Making It Up,09 Feb 2023,N/A,81 min,Comedy,Spanish,1 nomination,N/A,N/A,133,N/A
442,The Imaginary,05 Jul 2024,PG,105 min,"Animation, Adventure, Drama",Japanese,1 nomination,N/A,6.7,"1,520",N/A
443,The Boogeyman,02 Jun 2023,PG-13,98 min,"Horror, Mystery, Thriller",English,3 nominations,55,5.9,"47,360","$43,244,282"
444,The Expendables 4,22 Sep 2023,R,103 min,"Action, Adventure, Thriller","English, Arabic, Bulgarian, Vietnamese, Spanish, Thai",2 wins & 7 nominations,N/A,4.8,"45,678","$16,710,153"
445,Baghead,05 Apr 2024,N/A,94 min,Horror,English,1 nomination,N/A,5.4,"11,899",N/A
446,Magic Mike's Last Dance,10 Feb 2023,R,112 min,"Comedy, Drama",English,4 nominations,52,5.2,"17,831","$26,005,156"
447,Marguerite's Theorem,01 Nov 2023,N/A,113 min,"Comedy, Drama, Mystery","French, English",4 wins & 1 nomination,N/A,6.8,"1,649",N/A
448,There's Something in the Barn,10 Nov 2023,R,100 min,"Comedy, Fantasy, Horror","English, Norwegian",2 nominations,N/A,5.5,"4,882",N/A
449,The Super Mario Bros. Movie,05 Apr 2023,PG,92 min,"Animation, Adventure, Comedy",English,2 wins & 48 nominations,46,7.0,"251,438","$574,934,330"
450,Sakra,19 Jan 2023,R,130 min,"Action, Adventure","Mandarin, Cantonese",2 wins & 1 nomination,N/A,5.7,"2,281",N/A
451,The Deepest Breath,19 Jul 2023,PG,108 min,"Documentary, Adventure, Sport","English, Italian",7 wins & 15 nominations,70,7.7,"15,523",N/A
452,Past Lives,23 Jun 2023,PG-13,105 min,"Drama, Romance","Korean, English, Mandarin, French",Nominated for 2 Oscars. 80 wins & 227 nominations total,94,7.8,"135,047","$11,185,625"
453,Supercell,17 Mar 2023,PG-13,100 min,"Action, Adventure, Drama",English,3 wins & 1 nomination,N/A,4.4,"3,383",N/A
454,The Lesson,22 Sep 2023,R,103 min,Thriller,English,3 nominations,64,6.1,"2,987","$310,746"
455,Little Dixie,03 Feb 2023,R,105 min,"Action, Crime, Thriller","English, Spanish",N/A,N/A,4.9,"1,776",N/A
456,Killers of the Flower Moon,20 Oct 2023,R,206 min,"Crime, Drama, History","English, Osage, Latin, French",Nominated for 10 Oscars. 128 wins & 418 nominations total,89,7.6,"262,628","$68,026,901"
457,Pain Hustlers,27 Oct 2023,R,123 min,"Crime, Drama",English,2 nominations,N/A,6.6,"49,114",N/A
458,Migration,22 Dec 2023,PG,83 min,"Animation, Adventure, Comedy",English,1 win & 7 nominations,N/A,6.6,"36,140","$127,306,285"
459,Manodrome,17 Nov 2023,R,95 min,"Drama, Thriller",English,4 nominations,53,4.7,"3,114",N/A
460,A Christmas Blessing,01 Nov 2023,N/A,75 min,Family,English,N/A,N/A,N/A,62,N/A
461,Please Don't Destroy: The Treasure of Foggy Mountain,17 Nov 2023,R,92 min,Comedy,English,2 nominations,N/A,6.0,"8,786",N/A
462,PAW Patrol: The Mighty Movie,29 Sep 2023,PG,88 min,"Animation, Action, Adventure",English,1 win & 8 nominations,N/A,5.9,"5,438","$65,231,360"
463,RiffTrax Live: RAD,17 Aug 2023,Not Rated,105 min,N/A,N/A,N/A,N/A,N/A,33,N/A
464,The Color Purple,25 Dec 2023,PG-13,141 min,"Drama, Musical",English,Nominated for 1 Oscar. 27 wins & 107 nominations total,N/A,6.8,"17,595","$60,619,191"
465,The Devil Conspiracy,13 Jan 2023,R,111 min,"Horror, Sci-Fi, Thriller","English, Italian",N/A,37,4.5,"3,749","$765,218"
466,It Lives Inside,22 Sep 2023,PG-13,99 min,"Drama, Horror, Thriller","English, Hindi",2 wins & 6 nominations,N/A,5.2,"7,986","$4,675,092"
467,The Holdovers,10 Nov 2023,R,133 min,"Comedy, Drama",English,Won 1 Oscar. 134 wins & 202 nominations total,N/A,7.9,"169,052","$20,355,375"
468,The Ghost,29 Sep 2023,PG,20 min,Short,N/A,N/A,N/A,N/A,92,N/A
469,Genie,22 Nov 2023,PG,93 min,"Comedy, Fantasy",English,N/A,N/A,5.9,"9,072",N/A
470,Champions,10 Mar 2023,PG-13,124 min,"Comedy, Drama, Sport",English,2 wins & 2 nominations,50,6.8,"28,123","$16,397,335"
471,Seasons,07 Jul 2023,TV-MA,108 min,"Drama, Romance","Tagalog, Filipino",1 nomination,N/A,5.1,351,N/A
472,Sheroes,23 Jun 2023,R,91 min,"Action, Adventure, Comedy",English,N/A,N/A,3.3,"1,551",N/A
473,Sanctuary,19 May 2023,R,96 min,"Drama, Thriller",English,2 nominations,67,6.2,"9,465","$535,201"
474,The Adults,05 Sep 2023,R,91 min,"Comedy, Drama",English,3 nominations,71,5.7,"2,644",N/A
475,Jungle Bunch: Operation Meltdown,02 Feb 2024,PG,89 min,"Animation, Action, Adventure",French,N/A,N/A,N/A,328,"$831,200"
476,Jesus Revolution,24 Feb 2023,PG-13,120 min,"Biography, Drama, History",English,1 win & 2 nominations,46,7.1,"14,776","$52,102,987"
477,Sound of Silence,03 Mar 2023,N/A,93 min,Horror,English,N/A,N/A,4.0,789,N/A
478,The Last Voyage of the Demeter,11 Aug 2023,R,118 min,"Fantasy, Horror, Thriller",English,2 wins & 10 nominations,N/A,6.1,"57,252","$13,637,180"
479,The Pod Generation,25 Oct 2023,PG-13,110 min,"Comedy, Romance, Sci-Fi",English,2 wins & 1 nomination,63,5.6,"5,498","$31,569"
480,Reptile,29 Sep 2023,R,134 min,"Crime, Drama, Mystery",English,N/A,N/A,6.8,"96,812",N/A
481,Fittest on Earth: Retro/Active,30 Jun 2023,N/A,N/A,Documentary,English,N/A,N/A,5.3,90,N/A
482,The Shift,01 Dec 2023,PG-13,115 min,"Action, Romance, Sci-Fi",English,2 wins & 1 nomination,N/A,5.5,"5,352","$12,118,219"
483,Aboud @ Home,31 Jan 2023,TV-PG,81 min,Comedy,Arabic,N/A,N/A,N/A,11,N/A
484,Cocaine Bear,24 Feb 2023,R,95 min,"Comedy, Crime, Thriller",English,1 win & 10 nominations,54,5.9,"112,393","$64,670,240"
485,At the Gates,22 Sep 2023,R,97 min,"Drama, Mystery, Thriller","English, Spanish",3 wins & 2 nominations,N/A,7.2,66,"$7,552"
486,Senior Year: Love Never Fails,13 Nov 2023,PG-13,107 min,"Drama, Family, Romance",English,3 wins & 4 nominations,N/A,N/A,47,"$5,470"
487,Holiday Boyfriend,24 Nov 2023,N/A,N/A,"Comedy, Romance",Spanish,N/A,N/A,N/A,81,N/A
488,Flying Lessons,15 Oct 2023,N/A,85 min,Drama,English,N/A,N/A,10.0,6,N/A
489,The River Runs On,26 Sep 2023,N/A,55 min,Documentary,English,N/A,N/A,N/A,N/A,N/A
490,The Neighbors Are Watching,22 Oct 2023,TV-PG,88 min,Thriller,English,N/A,N/A,5.4,259,N/A
491,What Did Deborah Do?,07 Aug 2023,N/A,N/A,Drama,English,N/A,N/A,N/A,19,N/A
492,The Christmas Pledge,01 Nov 2023,N/A,99 min,Romance,English,N/A,N/A,N/A,118,N/A
493,The Perfect 10,11 Feb 2023,N/A,N/A,Sport,English,N/A,N/A,N/A,16,N/A
494,The Surveyors,27 Jun 2023,N/A,86 min,"Action, Drama, Mystery",English,N/A,N/A,7.2,35,N/A
495,Love in the Great Smoky Mountains: A National Park Romance,02 Sep 2023,TV-G,82 min,Romance,English,N/A,N/A,5.5,553,N/A
496,The Dog Lover's Guide to Dating,01 Jan 2023,TV-G,82 min,"Comedy, Romance",English,N/A,N/A,6.2,740,N/A
497,Ms. Christmas Comes to Town,26 Oct 2023,TV-G,84 min,Romance,English,N/A,N/A,6.8,803,N/A
498,Coyote v. Acme,17 Nov 2023,PG,98 min,"Animation, Adventure, Comedy","English, Japanese",N/A,N/A,N/A,N/A,N/A
499,Rainbows,15 Dec 2023,N/A,N/A,Family,English,N/A,N/A,N/A,N/A,N/A
500,Apple Music Live: Brent Faiyaz,29 Nov 2023,N/A,N/A,Music,English,N/A,N/A,N/A,N/A,N/A
501,Lost in Love,17 Oct 2023,N/A,N/A,"Drama, Romance",English,N/A,N/A,N/A,N/A,N/A
502,It's Lonely at the Top,10 Mar 2023,N/A,N/A,Drama,English,N/A,N/A,5.8,26,N/A
503,Behind the Smoke,30 May 2023,N/A,N/A,Documentary,English,N/A,N/A,N/A,N/A,N/A
504,Days that Rocked the House of Windsor,N/A,N/A,60 min,Documentary,English,N/A,N/A,N/A,N/A,N/A
505,Dying to Sleep,24 Jul 2023,N/A,94 min,"Drama, Mystery, Thriller",English,41 wins & 27 nominations,N/A,5.8,273,N/A
506,Facing the Laughter: Minnie Pearl,06 Feb 2023,N/A,90 min,Documentary,English,N/A,N/A,7.8,35,N/A
507,Monsoon Lover,14 Jun 2023,N/A,95 min,Thriller,English,N/A,N/A,5.6,48,N/A
508,Scary Tales: Dead Zone,13 Oct 2023,N/A,83 min,"Drama, Fantasy, Horror",English,N/A,N/A,3.2,115,N/A
509,Greg Warren: The Salesman,21 Apr 2023,N/A,58 min,Comedy,English,N/A,N/A,N/A,26,N/A
510,The Looney Tunes Show,03 May 2011,TV-PG,23 min,"Animation, Adventure, Comedy",English,Nominated for 3 Primetime Emmys. 5 wins & 19 nominations total,N/A,7.8,"16,132",N/A
511,A Dash of Christmas,04 Nov 2023,N/A,83 min,Romance,English,N/A,N/A,6.7,535,N/A
512,Handle with Extreme Care,16 Jun 2023,N/A,80 min,Documentary,English,N/A,N/A,N/A,N/A,N/A
513,Shot Boot Three,06 Oct 2023,N/A,117 min,"Adventure, Comedy, Drama",Tamil,3 wins,N/A,6.0,"1,503",N/A
514,Seaper Powers: Mystery of the Blue Pearls,26 Apr 2023,PG,66 min,Animation,English,3 wins & 3 nominations,N/A,N/A,N/A,N/A
515,Denim Hunter,21 Oct 2023,N/A,N/A,"Documentary, Adventure","Swedish, English",N/A,N/A,N/A,N/A,N/A
516,Samson's World: Volume 1,01 Jul 2023,N/A,N/A,Comedy,English,N/A,N/A,N/A,N/A,N/A
517,Chasing Walrus (With A Stubborn Photographer),04 Jan 2023,N/A,49 min,Documentary,English,N/A,N/A,N/A,N/A,N/A
518,End to End: Svalbard,06 Nov 2023,N/A,N/A,Adventure,English,N/A,N/A,N/A,N/A,N/A
519,Aatmapamphlet,06 Oct 2023,N/A,90 min,"Comedy, Drama",Marathi,2 wins & 2 nominations,N/A,7.9,617,N/A
520,The Oskars Fantasy,28 Jun 2023,N/A,108 min,Comedy,"Tagalog, Filipino",N/A,N/A,4.1,53,N/A
521,Hari Kondabolu: Vacation Baby,19 Apr 2023,N/A,N/A,Comedy,English,N/A,N/A,N/A,29,N/A
522,In a Silent World,01 Feb 2023,N/A,89 min,Documentary,English,N/A,N/A,8.9,19,N/A
523,Viking: Battle of Heirs,28 Apr 2023,N/A,82 min,Action,N/A,N/A,N/A,N/A,191,N/A
524,Mistletoe Connection,26 Nov 2023,N/A,87 min,"Drama, Romance","English, French",N/A,N/A,6.9,314,N/A
525,Disney Intertwined Live,05 May 2023,TV-14,68 min,"Comedy, Drama, Fantasy",Spanish,N/A,N/A,N/A,33,N/A
526,Thabo and the Rhino Case,03 May 2024,PG,97 min,"Adventure, Family, Mystery",English,4 wins,N/A,N/A,134,"$46,002"
527,The Modelizer,14 Jul 2023,N/A,96 min,"Comedy, Romance",English,N/A,N/A,6.5,96,N/A
528,Trapped in the Farmhouse,09 Jul 2023,TV-PG,87 min,Thriller,English,N/A,N/A,4.7,260,N/A
529,Psy Summer Swag 2022,03 May 2023,TV-14,86 min,Music,Korean,N/A,N/A,N/A,55,N/A
530,A Royal Christmas on Ice,05 Nov 2022,N/A,85 min,"Comedy, Drama, Romance",English,N/A,N/A,5.2,544,N/A
531,Untold: Jake Paul the Problem Child,01 Aug 2023,TV-MA,70 min,"Documentary, Sport",English,N/A,N/A,6.0,"1,846",N/A
532,Yester-Years,02 Oct 2023,N/A,N/A,Thriller,English,5 wins,N/A,N/A,N/A,N/A
533,Devanand Dheere Dheere,N/A,N/A,97 min,"Drama, Romance",Hindi,N/A,N/A,N/A,N/A,N/A
534,1992: Monarchy vs Media,N/A,N/A,42 min,Documentary,English,N/A,N/A,N/A,N/A,N/A
535,Made for Each Other,25 Feb 2023,TV-G,84 min,"Comedy, Fantasy, Romance",English,N/A,N/A,5.9,755,N/A
536,Tiger 3,11 Nov 2023,Not Rated,155 min,"Action, Adventure, Thriller","Hindi, English, Vietnamese",13 nominations,N/A,5.7,"54,173","$5,365,263"
537,Wonderwell,23 Jun 2023,PG-13,96 min,"Drama, Family, Fantasy",English,N/A,N/A,6.0,"4,339",N/A
538,Shyamchi Aai,10 Nov 2023,N/A,140 min,Biography,Marathi,3 wins,N/A,8.0,131,N/A
539,Chang Can Dunk,10 Mar 2023,PG,109 min,"Drama, Family, Sport",English,3 wins & 2 nominations,77,6.4,"1,653",N/A
540,Cypher,24 Nov 2023,R,81 min,"Documentary, Music, Thriller",English,1 win & 2 nominations,N/A,N/A,151,N/A
541,Stan Lee,16 Jun 2023,TV-14,86 min,"Documentary, Biography",English,N/A,58,6.9,"2,754",N/A
542,Gulmohar,03 Mar 2023,N/A,131 min,"Drama, Family",Hindi,12 wins & 32 nominations,N/A,7.6,"5,523",N/A
543,Secret Society of Lies,19 Feb 2023,TV-14,N/A,"Drama, Thriller",English,N/A,N/A,5.2,182,N/A
544,The Siege,14 Mar 2023,R,87 min,Action,English,N/A,N/A,3.4,960,N/A
545,The Best Man,21 Apr 2023,R,93 min,"Action, Thriller",English,N/A,N/A,3.9,"1,352",N/A
546,Frybread Face and Me,24 Nov 2023,TV-MA,83 min,Drama,"Navajo, English",1 win & 3 nominations,N/A,7.2,"1,297",N/A
547,Join or Die,12 Mar 2023,N/A,99 min,Documentary,English,1 win & 3 nominations,N/A,7.3,83,N/A
548,"Ice Cold: Murder, Coffee and Jessica Wongso",28 Sep 2023,TV-MA,86 min,"Documentary, Crime","Indonesian, English",N/A,N/A,5.9,"1,871",N/A
549,Our Christmas Mural,26 Nov 2023,N/A,84 min,"Comedy, Drama, Romance",English,N/A,N/A,6.1,709,N/A
550,Catch Me If You Claus,23 Nov 2023,TV-G,84 min,Romance,English,N/A,N/A,6.6,"1,366",N/A
551,Lonesome Soldier,03 Nov 2023,R,109 min,"Biography, Drama, Thriller",English,N/A,N/A,5.7,"1,527","$51,228"
552,Make Me Believe,23 Jun 2023,TV-14,104 min,"Comedy, Romance",Turkish,1 win,N/A,5.7,"3,440",N/A
553,Learning to Love,12 May 2023,N/A,89 min,"Comedy, Drama, Family",English,N/A,N/A,6.2,239,N/A
554,Toni,06 Sep 2023,N/A,96 min,"Comedy, Drama",French,N/A,N/A,6.7,810,N/A
555,Uproar,05 Oct 2023,PG-13,110 min,Drama,"Maori, English",1 nomination,N/A,6.6,"1,235","$26,316"
556,The Great Turkey Town Miracle,10 Nov 2023,PG,N/A,Drama,English,N/A,N/A,N/A,25,"$60,000"
557,Haul Out the Holly: Lit Up,25 Nov 2023,TV-G,84 min,"Comedy, Romance","English, Spanish, German",N/A,N/A,5.7,"1,064",N/A
558,Maybe It's You,23 Jul 2023,N/A,120 min,Comedy,English,1 nomination,N/A,5.7,285,N/A
559,Swing Into Romance,07 Oct 2023,N/A,90 min,N/A,English,N/A,N/A,6.6,290,N/A
560,Zombie Town,01 Sep 2023,PG-13,92 min,"Action, Adventure, Comedy",English,3 nominations,N/A,3.8,"1,526","$130,802"
561,Dreamin' Wild,06 Jun 2024,PG,111 min,"Biography, Drama, Music",English,2 nominations,69,6.4,"1,279","$296,290"
562,Monica,15 Dec 2023,R,106 min,Drama,English,5 wins & 17 nominations,74,6.3,"1,509","$152,619"
563,Jung_E,20 Jan 2023,TV-14,98 min,"Action, Adventure, Drama",Korean,N/A,52,5.5,"11,090",N/A
564,My Christmas Hero,01 Dec 2023,TV-PG,84 min,"Drama, Family, Romance",English,N/A,N/A,6.4,714,N/A
565,One More Time,21 Apr 2023,TV-MA,85 min,"Comedy, Drama, Romance",Swedish,N/A,N/A,5.7,"2,585",N/A
566,Donyale Luna: Supermodel,13 Sep 2023,N/A,93 min,Documentary,English,N/A,N/A,7.2,268,N/A
567,The Wedding Contract,17 Jun 2023,TV-G,84 min,"Comedy, Romance","English, Hebrew",N/A,N/A,6.2,531,N/A
568,Good Night,12 May 2023,N/A,142 min,"Comedy, Drama, Romance",Tamil,2 wins & 4 nominations,N/A,7.7,"5,007",N/A
569,The Taming of the Shrewd 2,20 Dec 2023,N/A,99 min,"Comedy, Romance",Polish,N/A,N/A,N/A,268,N/A
570,All Souls,08 Dec 2023,R,81 min,"Action, Crime, Drama",English,N/A,N/A,4.8,573,N/A
571,A Snowy Day in Oakland,17 Mar 2023,PG-13,92 min,Comedy,English,N/A,N/A,5.0,267,N/A
572,Trust Me,13 Oct 2023,N/A,120 min,"Action, Comedy",Turkish,N/A,N/A,N/A,264,N/A
573,A Gamer's Journey: The Definitive History of Shenmue,02 Apr 2023,N/A,83 min,Documentary,"English, Japanese",N/A,N/A,7.8,59,N/A
574,Glisten and the Merry Mission,01 Dec 2023,G,80 min,"Animation, Adventure, Family",English,N/A,N/A,5.3,94,N/A
575,Praise This,07 Apr 2023,TV-14,101 min,"Musical, Romance",N/A,7 nominations,44,5.7,"1,198",N/A
576,Unica,24 Nov 2023,N/A,80 min,Documentary,Italian,N/A,N/A,5.3,382,N/A
577,King of Clones,23 Jun 2023,TV-14,85 min,Documentary,"English, Russian, Korean",1 nomination,N/A,6.1,954,N/A
578,The Magician's Elephant,17 Mar 2023,PG,99 min,"Animation, Adventure, Comedy",English,N/A,53,6.6,"6,117",N/A
579,Mother's Day,24 May 2023,TV-MA,94 min,"Action, Drama, Thriller",Polish,N/A,N/A,5.3,"2,624",N/A
580,Assassin Club,16 May 2023,R,111 min,"Action, Thriller",English,N/A,27,4.7,"3,215",N/A
581,Carlos,29 Sep 2023,R,87 min,"Documentary, Biography",English,1 nomination,N/A,7.2,366,"$432,479"
582,The Devil on Trial,17 Oct 2023,TV-MA,81 min,"Documentary, Crime, Horror",English,N/A,N/A,5.6,"4,165",N/A
583,Trading Places,01 Mar 2023,N/A,N/A,Documentary,English,N/A,N/A,N/A,N/A,N/A
584,Sick Girl,20 Oct 2023,R,99 min,"Comedy, Drama",English,N/A,N/A,4.8,837,N/A
585,Killer Book Club,25 Aug 2023,TV-MA,89 min,"Horror, Thriller",Spanish,N/A,N/A,4.6,"5,051",N/A
586,Coffee Wars,21 Mar 2023,N/A,104 min,Comedy,English,N/A,N/A,4.6,"2,981",N/A
587,Fashion Reimagined,22 Sep 2023,N/A,100 min,Documentary,English,3 wins & 3 nominations,N/A,7.2,148,N/A
588,Total Trust,13 Feb 2024,N/A,97 min,Documentary,"Mandarin, English",5 wins & 8 nominations,N/A,7.2,330,"$7,835"
589,Being Mary Tyler Moore,26 May 2023,TV-PG,119 min,Documentary,English,Nominated for 1 Primetime Emmy. 1 win & 7 nominations total,66,7.5,"1,146",N/A
590,The Price We Pay,10 Jan 2023,R,86 min,"Action, Horror, Thriller",English,N/A,N/A,4.9,"4,337",N/A
591,Far Haven,03 Sep 2023,N/A,101 min,Western,English,5 wins & 7 nominations,N/A,5.8,304,N/A
592,Mafia Mamma,14 Apr 2023,R,101 min,"Action, Comedy, Crime","English, Italian",1 win,43,5.4,"11,774","$3,496,761"
593,Christmas Time,03 Oct 2023,N/A,95 min,"Comedy, Family",English,N/A,N/A,4.6,153,N/A
594,Mending the Line,09 Jun 2023,R,122 min,Drama,English,1 win,56,6.7,"1,639","$379,890"
595,Our Son,08 Dec 2023,R,104 min,"Crime, Drama",English,4 wins & 2 nominations,N/A,4.8,"1,289",N/A
596,Filip,03 Mar 2023,N/A,125 min,"Drama, History, War","German, Polish, French, Yiddish",7 wins & 11 nominations,N/A,6.9,"2,467",N/A
597,Poor Things,27 Feb 2024,R,141 min,"Comedy, Drama, Romance","English, French, Portuguese",Won 4 Oscars. 116 wins & 408 nominations total,N/A,7.8,"305,203","$34,553,225"
598,The Starling Girl,11 Jul 2023,R,117 min,Drama,English,1 win & 4 nominations,78,6.7,"2,623","$161,290"
599,"Santa, Maybe",18 Nov 2023,N/A,N/A,"Drama, Romance",English,N/A,N/A,6.2,355,N/A
600,Dear David,13 Oct 2023,R,94 min,"Horror, Thriller",English,N/A,N/A,4.0,"1,422",N/A
601,The Crime Is Mine,08 Mar 2023,N/A,102 min,"Comedy, Crime","French, Spanish",2 nominations,N/A,6.5,"5,574","$122,083"
